,data_num,part1_patient_mean,part1_slope,part1_std,week,Delta1,Omicron1,policy1,policy2,label
774,275.0,455.95238095238096,0.020553221288515403,0.14625930342278434,3.0,0.0,0.0,1.9285714285714286,2.5,2.0
465,544.0,1707.6666666666667,0.0024350649350649346,0.3105163122096555,6.0,442.3809523809524,0.0,3.0,3.0,1.0
230,939.0,35405.19047619047,-0.026367039877841433,0.22557288853490365,2.0,0.0,233.95238095238096,1.0,1.0,0.0
224,317.0,623.5714285714286,-0.03983951891901681,0.2796680080153132,3.0,0.0,0.0,2.5,2.5,0.0
758,629.0,2881.714285714286,0.01995980494418281,0.14027403712216685,0.0,434.04761904761904,0.0,1.0,1.0,2.0
298,141.0,19.333333333333332,-0.009054834054834052,0.2502056767110534,2.0,0.0,0.0,1.0,1.0,0.0
177,199.0,115.47619047619048,-0.025076741440377803,0.2120139906295325,4.0,0.0,0.0,2.238095238095238,2.0,0.0
829,865.0,33485.42857142857,0.0278694554674518,0.19522099851579372,5.0,0.0,95.0,1.0,1.0,2.0
82,184.0,251.14285714285714,-0.029498106060606058,0.230456664163872,3.0,0.0,0.0,2.261904761904762,2.142857142857143,0.0
843,247.0,92.28571428571429,0.0009422753902249157,0.072795807738359,3.0,0.0,0.0,1.0,1.3214285714285714,2.0
662,230.0,66.42857142857143,0.0068831168831168825,0.24051135999306622,0.0,0.0,0.0,1.3333333333333333,1.0,2.0
922,694.0,8925.142857142857,0.015309031424362787,0.10196648325647643,2.0,108.47619047619048,773.5714285714286,3.0,3.0,2.0
734,280.0,570.0,0.02439444613357657,0.18413354901980059,1.0,0.0,0.0,2.1666666666666665,2.5,2.0
904,704.0,24556.238095238095,0.014259696686576654,0.0927796933584964,5.0,18.476190476190474,766.1904761904761,3.0,3.0,2.0
535,338.0,372.3333333333333,-0.010174488088598518,0.21233184080323816,3.0,0.0,0.0,2.5,2.142857142857143,1.0
202,316.0,654.6190476190476,-0.040809055809055805,0.28383155202551885,2.0,0.0,0.0,2.5,2.5,0.0
746,840.0,7576.142857142857,-0.01189969407820608,0.14997133589379957,1.0,0.0,273.9047619047619,1.0,1.0,2.0
772,488.0,712.9047619047619,0.028577885182998815,0.20583691404847013,6.0,83.52380952380952,0.0,1.5238095238095237,2.857142857142857,2.0
510,523.0,1593.6666666666667,0.025278946405706968,0.2700343138081465,6.0,384.0,0.0,3.0,3.0,1.0
473,408.0,589.2380952380952,0.017989107666527022,0.2584853519478368,3.0,0.0,0.0,2.0,2.0,1.0
39,17.0,152.71428571428572,-0.03485662851999485,0.2774815972332481,4.0,0.0,0.0,2.238095238095238,3.0,0.0
841,75.0,12.476190476190476,0.008976317799847212,0.14914832086905633,6.0,0.0,0.0,1.1428571428571428,1.0,2.0
802,729.0,162126.09523809524,0.014989256394526156,0.10646011818958531,2.0,0.09523809523809523,151.04761904761904,3.0,2.857142857142857,2.0
866,256.0,142.95238095238096,0.018266210323972052,0.13228039338635106,5.0,0.0,0.0,1.0476190476190477,1.8928571428571428,2.0
533,889.0,102870.76190476191,0.012666668115663594,0.2111717861866833,1.0,0.0,16.095238095238095,1.0,1.0,1.0
368,670.0,4749.571428571428,-0.0351917823312211,0.2715617052425922,6.0,602.4285714285714,102.28571428571429,3.0,3.0,1.0
462,291.0,849.5238095238095,0.0417960088691796,0.3130670862373011,5.0,0.0,0.0,2.4285714285714284,2.5,1.0
95,193.0,163.0952380952381,-0.031196172248803822,0.22476390201499338,5.0,0.0,0.0,2.357142857142857,2.0,0.0
113,195.0,143.42857142857142,-0.029435347261434215,0.2176718686418979,0.0,0.0,0.0,2.3333333333333335,2.0,0.0
108,786.0,74510.09523809524,-0.032888300385562154,0.25076969343881433,3.0,0.0,297.4761904761905,1.1904761904761905,1.0,0.0
786,479.0,509.0952380952381,0.008690588834704124,0.09542644290971083,4.0,23.0,0.0,1.9523809523809523,1.5714285714285714,2.0
51,776.0,143835.61904761905,-0.031981668458519394,0.25310505998859406,0.0,0.0,369.57142857142856,1.6666666666666667,1.0,0.0
435,532.0,1695.2380952380952,0.007877132927434735,0.260348665205903,1.0,405.23809523809524,0.0,3.0,3.0,1.0
595,594.0,1588.7142857142858,-0.019100116301608835,0.2093672959894691,0.0,418.23809523809524,0.0,3.0,2.0,1.0
375,412.0,624.047619047619,0.021231671554252197,0.28848428071390286,0.0,0.0,0.0,2.0,2.0,1.0
268,749.0,349244.2380952381,0.0005043499475684152,0.17881377968349904,1.0,0.047619047619047616,115.14285714285714,2.619047619047619,2.0,0.0
801,485.0,602.4761904761905,0.015831611570247935,0.13012162599054417,3.0,60.095238095238095,0.0,1.6666666666666667,2.4285714285714284,2.0
542,551.0,1699.3809523809523,0.004791384623757593,0.12716004585237953,6.0,497.95238095238096,0.0,3.0,3.0,1.0
315,295.0,924.0,0.018173660510343925,0.20517502402848345,2.0,0.0,0.0,2.5,2.5,0.0
498,947.0,24720.238095238095,-0.017457850152150664,0.2407142574959322,3.0,0.0,356.6190476190476,1.0,1.0,1.0
678,227.0,61.57142857142857,0.004948051948051948,0.17954307083737397,4.0,0.0,0.0,1.4761904761904763,1.0,2.0
608,561.0,1770.142857142857,0.0015537665087691568,0.12001506936678982,2.0,471.5238095238095,0.0,3.0,3.0,1.0
836,864.0,30681.0,0.026245691618992085,0.18711906647013646,4.0,0.0,94.9047619047619,1.0,1.0,2.0
609,398.0,500.0952380952381,0.030910911518388148,0.23113831275416205,0.0,0.0,0.0,2.0,2.0,1.0
358,893.0,112807.90476190476,0.022475133086430548,0.26944628373409957,5.0,0.0,13.047619047619047,1.0,1.0,1.0
192,202.0,102.0952380952381,-0.023696593261810648,0.22308844884180187,0.0,0.0,0.0,2.1666666666666665,2.0,0.0
521,336.0,374.0952380952381,-0.006987491036570792,0.19952308856885362,1.0,0.0,0.0,2.5,2.2142857142857144,1.0
83,185.0,244.66666666666666,-0.03233225108225108,0.2383080491153166,4.0,0.0,0.0,2.2857142857142856,2.107142857142857,0.0
182,314.0,706.8571428571429,-0.0383953581432573,0.28119199579605686,0.0,0.0,0.0,2.5,2.5,0.0
157,308.0,851.0,-0.026975798895887682,0.22320525107771774,1.0,0.0,0.0,2.5,2.5,0.0
890,710.0,41185.90476190476,0.016871213329883877,0.11166108984192472,4.0,3.761904761904762,518.4761904761905,3.0,3.0,2.0
877,252.0,110.0,0.008361993737487809,0.073776585583052,1.0,0.0,0.0,1.0,1.6785714285714286,2.0
76,186.0,237.33333333333334,-0.032545319264069256,0.23896451635176189,5.0,0.0,0.0,2.3095238095238093,2.0714285714285716,0.0
760,632.0,3144.6666666666665,0.01677529933264271,0.13381501113656494,3.0,449.9047619047619,0.6190476190476191,1.0,1.0,2.0
126,196.0,134.71428571428572,-0.028554488989271595,0.21168664136993995,1.0,0.0,0.0,2.3095238095238093,2.0,0.0
652,598.0,1533.142857142857,-0.005611552626477999,0.198646217913415,4.0,397.14285714285717,0.0,3.0,1.4285714285714286,2.0
410,351.0,393.4761904761905,0.009732292247629669,0.28461004620230856,2.0,0.0,0.0,2.2857142857142856,2.0,1.0
859,717.0,75657.47619047618,0.019098634097491542,0.13059622816384997,4.0,0.8095238095238095,353.0952380952381,3.0,3.0,2.0
283,830.0,9967.57142857143,-0.02228130484221873,0.257208033793358,5.0,0.0,376.85714285714283,1.0,1.0,0.0
133,788.0,64735.76190476191,-0.033829069172905034,0.27056624954392466,5.0,0.0,306.9047619047619,1.0952380952380953,1.0,0.0
427,439.0,580.9047619047619,0.011561708731520052,0.25073544914541923,6.0,1.3333333333333333,0.0,2.0,2.0,1.0
849,724.0,119200.71428571429,0.013292737085036357,0.09008262510794098,4.0,0.14285714285714285,153.1904761904762,3.0,3.0,2.0
618,564.0,1780.6666666666667,0.007662268911607179,0.13825668012241998,5.0,477.2857142857143,0.0,3.0,3.0,1.0
429,539.0,1738.142857142857,-0.011027901538850433,0.30801523573616546,1.0,424.23809523809524,0.0,3.0,3.0,1.0
272,174.0,230.42857142857142,0.040979164720171914,0.29779554879823467,0.0,0.0,0.0,1.7380952380952381,2.5,0.0
392,444.0,584.8571428571429,0.003904271828800127,0.2551267875714488,4.0,1.5714285714285714,0.0,2.0,2.0,1.0
773,277.0,489.42857142857144,0.01801542207792207,0.12723759908935647,5.0,0.0,0.0,2.0238095238095237,2.5,2.0
345,213.0,70.33333333333333,-0.016671700392630624,0.29005354994418914,4.0,0.0,0.0,2.0,1.2142857142857142,1.0
878,681.0,3798.7619047619046,5.4677429381847776e-06,0.04062624994486347,3.0,368.4761904761905,382.57142857142856,3.0,3.0,2.0
847,77.0,13.761904761904763,0.005061115355233002,0.13942733546583677,1.0,0.0,0.0,1.0476190476190477,1.0,2.0
516,374.0,399.7142857142857,0.01716906946264744,0.2193847460854165,4.0,0.0,0.0,2.0,2.0,1.0
551,888.0,101625.90476190476,0.022149342525229876,0.21666497901881926,0.0,0.0,15.904761904761905,1.0,1.0,1.0
139,799.0,39058.42857142857,-0.020585765104141007,0.20446054693407623,2.0,0.0,412.1904761904762,1.0,1.0,0.0
935,162.0,58.23809523809524,0.023183776780064478,0.18644810757971314,2.0,0.0,0.0,1.1428571428571428,2.107142857142857,2.0
945,152.0,16.0,-0.0012903762903762903,0.03230667479065168,6.0,0.0,0.0,1.0,1.5,2.0
856,258.0,165.14285714285714,0.024192414084110825,0.1644208020419145,0.0,0.0,0.0,1.0952380952380953,1.9642857142857142,2.0
167,918.0,78257.61904761905,-0.02744561224957698,0.23637779211043727,2.0,0.0,39.476190476190474,1.0,1.0,0.0
733,168.0,142.95238095238096,0.0457265087853323,0.3072057130654572,1.0,0.0,0.0,1.4285714285714286,2.3214285714285716,2.0
685,611.0,1872.047619047619,0.015077833125778328,0.14684005335360006,3.0,358.42857142857144,0.0,2.0476190476190474,1.0,2.0
426,440.0,580.1904761904761,0.011300334885240548,0.25082558008810985,0.0,1.3333333333333333,0.0,2.0,2.0,1.0
865,716.0,68651.57142857143,0.016768367621466867,0.11445265745353148,3.0,1.0952380952380953,378.95238095238096,3.0,3.0,2.0
730,623.0,2449.285714285714,0.013968053818680649,0.1327985977588611,1.0,408.6190476190476,0.0,1.0,1.0,2.0
60,20.0,96.42857142857143,-0.02713630906908218,0.23847849482600472,0.0,0.0,0.0,2.380952380952381,3.0,0.0
519,522.0,1580.047619047619,0.0217630458073114,0.26307654265050007,5.0,378.6666666666667,0.0,3.0,3.0,1.0
386,411.0,619.8095238095239,0.026811897779639715,0.29849190669732995,6.0,0.0,0.0,2.0,2.0,1.0
397,422.0,617.0952380952381,-0.012371838687628155,0.2905699424754072,3.0,0.2857142857142857,0.0,2.0,2.0,1.0
455,429.0,591.5238095238095,-0.02571669816251859,0.31759427658140593,3.0,0.8571428571428571,0.0,2.0,2.0,1.0
203,907.0,109381.23809523809,-0.013603805665087003,0.23613544607914988,5.0,0.0,25.0,1.0,1.0,0.0
695,238.0,77.85714285714286,0.012849402253375762,0.1688584035526695,1.0,0.0,0.0,1.0,1.0,2.0
33,2.0,365.3333333333333,0.013046639810357613,0.25289941300804497,3.0,0.0,0.0,1.5714285714285714,2.2857142857142856,0.0
120,927.0,57255.142857142855,-0.026395535591870314,0.2709007653633858,4.0,0.0,68.0,1.0,1.0,0.0
626,395.0,472.14285714285717,0.024086850649350643,0.21418742191153317,4.0,0.0,0.0,2.0,2.0,1.0
219,902.0,118337.19047619047,-0.00519752689104137,0.23624036829093956,0.0,0.0,24.38095238095238,1.0,1.0,0.0
327,454.0,574.2857142857143,0.003456332027760598,0.23081937486754206,0.0,1.5714285714285714,0.0,2.0,2.0,1.0
211,135.0,23.904761904761905,-0.029023150762281187,0.25003825434209176,3.0,0.0,0.0,1.0,1.0,0.0
864,248.0,93.42857142857143,0.001837688003695908,0.0479246828916891,4.0,0.0,0.0,1.0,1.3928571428571428,2.0
119,787.0,69456.38095238095,-0.033831698503554344,0.2666417599709203,4.0,0.0,303.14285714285717,1.1428571428571428,1.0,0.0
278,748.0,350361.71428571426,0.008875283605306079,0.18812075886478571,0.0,0.047619047619047616,117.42857142857143,2.6666666666666665,2.0,0.0
258,582.0,2112.7619047619046,-0.019929482282423455,0.23254405358028346,2.0,463.1904761904762,0.0,3.0,3.0,0.0
540,508.0,1432.5238095238096,0.015741797517930728,0.18964883869207297,5.0,275.8095238095238,0.0,2.8095238095238093,3.0,1.0
194,938.0,37343.380952380954,-0.02645838284015594,0.22592931317370532,1.0,0.0,222.33333333333334,1.0,1.0,0.0
599,383.0,421.42857142857144,0.003006323122941192,0.13160471092474899,6.0,0.0,0.0,2.0,2.0,1.0
846,73.0,11.095238095238095,0.012127578304048888,0.1563190858967241,4.0,0.0,0.0,1.2380952380952381,1.0,2.0
693,881.0,81830.61904761905,0.018276172882400105,0.16830655284339413,0.0,0.0,31.285714285714285,1.0,1.0,2.0
920,685.0,4238.047619047619,0.004879126919097808,0.03869487962476777,0.0,288.57142857142856,552.1428571428571,3.0,3.0,2.0
143,790.0,58963.619047619046,-0.02945549520881567,0.25231756703207187,0.0,0.0,345.14285714285717,1.0,1.0,0.0
852,679.0,3792.285714285714,-0.0028724059445708926,0.04724926779129638,1.0,410.85714285714283,307.95238095238096,3.0,3.0,2.0
514,344.0,374.5238095238095,-0.012054816349294874,0.2263953705264199,2.0,0.0,0.0,2.4523809523809526,2.0,1.0
488,92.0,31.142857142857142,0.02272727272727272,0.27098521719741053,2.0,0.0,0.0,1.0,1.0,1.0
233,126.0,29.095238095238095,-0.005541125541125539,0.2047467284478844,1.0,0.0,0.0,1.0,1.0,0.0
926,695.0,9691.809523809523,0.010298678385992875,0.06735773785573813,3.0,92.33333333333333,784.7142857142857,3.0,3.0,2.0
552,403.0,552.5238095238095,0.030189810189810182,0.24658565097349386,5.0,0.0,0.0,2.0,2.0,1.0
744,475.0,488.1904761904762,0.0027644339708148267,0.09678878642217212,0.0,11.142857142857142,0.0,2.0,1.2142857142857142,2.0
484,545.0,1694.0,-0.0008821986094713352,0.3175343139033494,0.0,448.0,0.0,3.0,3.0,1.0
517,341.0,377.0,-0.008823998087801765,0.21776764754137898,6.0,0.0,0.0,2.5,2.0357142857142856,1.0
391,107.0,34.38095238095238,-0.01818181818181818,0.2504504095092815,3.0,0.0,0.0,1.0,1.0,1.0
171,311.0,789.4285714285714,-0.03545699583435433,0.25026124441467684,4.0,0.0,0.0,2.5,2.5,0.0
0,46.0,14.095238095238095,-0.030262190639549123,0.2244335270011532,5.0,0.0,0.0,2.761904761904762,1.7857142857142858,0.0
704,473.0,492.23809523809524,-0.004297443579271654,0.11547506361330291,5.0,8.333333333333334,0.0,2.0,1.3571428571428572,2.0
867,680.0,3791.5714285714284,-0.0027648704979779445,0.04479718545582837,2.0,389.5238095238095,350.0,3.0,3.0,2.0
184,313.0,728.0952380952381,-0.038606351631561696,0.2820499855707683,6.0,0.0,0.0,2.5,2.5,0.0
253,581.0,2130.095238095238,-0.01244578950461303,0.22261440513598516,1.0,458.76190476190476,0.0,3.0,3.0,0.0
729,839.0,7656.619047619048,-0.00628667743000997,0.14291427397918235,0.0,0.0,291.6666666666667,1.0,1.0,2.0
613,556.0,1708.904761904762,0.00392331607627574,0.12456954427454518,4.0,495.8095238095238,0.0,3.0,3.0,1.0
761,278.0,516.4285714285714,0.02203733766233766,0.15779533440353619,6.0,0.0,0.0,2.0714285714285716,2.5,2.0
944,151.0,15.095238095238095,-0.001723276723276723,0.030774317853793795,5.0,0.0,0.0,1.0,1.4285714285714286,2.0
388,434.0,589.0,0.0029056996416046877,0.2640882871828428,1.0,1.4285714285714286,0.0,2.0,2.0,1.0
753,628.0,2801.4285714285716,0.01893010499884236,0.1360399667832782,6.0,430.95238095238096,0.0,1.0,1.0,2.0
615,560.0,1752.7142857142858,0.005072350384031893,0.12879577448621418,1.0,476.2857142857143,0.0,3.0,3.0,1.0
225,122.0,30.80952380952381,0.005165945165945167,0.21379799484202722,4.0,0.0,0.0,1.0,1.0,0.0
522,217.0,64.23809523809524,-0.008819875776397512,0.19815605089397628,1.0,0.0,0.0,1.9523809523809523,1.0,1.0
98,759.0,310809.71428571426,-0.01746734748238141,0.1957202211557397,4.0,0.0,136.71428571428572,2.142857142857143,1.7142857142857142,0.0
727,239.0,76.76190476190476,0.008695652173913044,0.16382574552381687,2.0,0.0,0.0,1.0,1.0,2.0
575,514.0,1463.5238095238096,0.0038947973555619447,0.2011545753622248,4.0,333.4761904761905,0.0,3.0,3.0,1.0
493,524.0,1609.1904761904761,0.024828189918733184,0.2690287606189692,0.0,384.04761904761904,0.0,3.0,3.0,1.0
100,925.0,62542.52380952381,-0.02816563501018638,0.27338513984894874,2.0,0.0,35.095238095238095,1.0,1.0,0.0
447,568.0,1992.3809523809523,0.018082888481661483,0.2196988248472153,2.0,480.2857142857143,0.0,3.0,3.0,1.0
530,467.0,515.7619047619048,-0.012192717996289421,0.23362113534988044,6.0,3.238095238095238,0.0,2.0,1.7857142857142858,1.0
587,469.0,507.2857142857143,-0.026637871057513907,0.2554113239936676,1.0,3.761904761904762,0.0,2.0,1.6428571428571428,1.0
267,829.0,10415.47619047619,-0.025502283126460693,0.27237424759953843,4.0,0.0,385.4761904761905,1.0,1.0,0.0
381,649.0,5773.857142857143,0.04073914472089502,0.30103814767817866,6.0,589.4285714285714,8.571428571428571,1.0952380952380953,3.0,1.0
568,513.0,1455.8095238095239,-0.0009158849199090637,0.19387720122106192,3.0,323.14285714285717,0.0,3.0,3.0,1.0
570,380.0,412.42857142857144,0.00041138985238364144,0.12938266674364546,3.0,0.0,0.0,2.0,2.0,1.0
924,686.0,4436.523809523809,0.005440760884975183,0.041683885586840316,1.0,262.9047619047619,600.4285714285714,3.0,3.0,2.0
817,54.0,5.285714285714286,-0.01894312583967756,0.13450170385690688,6.0,0.0,0.0,2.380952380952381,1.2142857142857142,2.0
101,817.0,18890.571428571428,-0.027573547249761438,0.24806979174337399,6.0,0.0,497.8095238095238,1.0,1.0,0.0
170,197.0,126.57142857142857,-0.0279785431959345,0.20794507885402275,2.0,0.0,0.0,2.2857142857142856,2.0,0.0
131,756.0,339699.38095238095,-0.01779174254817914,0.18693092314753168,1.0,0.0,108.04761904761905,2.2857142857142856,1.9285714285714286,0.0
513,339.0,376.42857142857144,-0.006023424428332405,0.2215853157483693,4.0,0.0,0.0,2.5,2.107142857142857,1.0
158,305.0,915.1904761904761,-0.016702941897170528,0.17525095929412113,5.0,0.0,0.0,2.5,2.5,0.0
238,49.0,9.333333333333334,-0.031706224809673084,0.21980786479037082,1.0,0.0,0.0,2.619047619047619,1.5714285714285714,0.0
248,298.0,971.8571428571429,0.005096913137114144,0.14935029582736947,5.0,0.0,0.0,2.5,2.5,0.0
495,550.0,1699.1904761904761,0.005597643097643099,0.2246803893382574,5.0,484.95238095238096,0.0,3.0,3.0,1.0
709,493.0,919.1904761904761,0.036501202501202486,0.25571746015178776,4.0,128.47619047619048,0.0,1.6666666666666667,3.0,2.0
663,599.0,1530.857142857143,0.004293467726303547,0.19589841324115542,5.0,399.8095238095238,0.0,3.0,1.2857142857142858,2.0
895,683.0,3948.714285714286,0.003918517223290784,0.0417800912212084,5.0,329.0,460.2857142857143,3.0,3.0,2.0
373,112.0,32.23809523809524,-0.014675324675324673,0.2468431640111745,1.0,0.0,0.0,1.0,1.0,1.0
78,190.0,198.38095238095238,-0.033908427339084266,0.2319546228305317,2.0,0.0,0.0,2.357142857142857,2.0,0.0
605,555.0,1704.5714285714287,0.0015266033076404984,0.12287660184469579,3.0,495.85714285714283,0.0,3.0,3.0,1.0
706,617.0,2134.5238095238096,0.0050255444037827475,0.11689173768682974,2.0,368.04761904761904,0.0,1.4761904761904763,1.0,2.0
231,665.0,5594.761904761905,-0.03594930469806927,0.2783716990865687,1.0,663.6190476190476,55.333333333333336,2.619047619047619,3.0,0.0
377,419.0,625.2857142857143,-4.0207470548026734e-05,0.2772931831376052,0.0,0.23809523809523808,0.0,2.0,2.0,1.0
299,574.0,2131.904761904762,0.014013633425398134,0.20841822021344675,1.0,461.1904761904762,0.0,3.0,3.0,0.0
476,548.0,1710.5238095238096,-0.012592260868122934,0.3269001449800636,3.0,468.76190476190476,0.0,3.0,3.0,1.0
394,421.0,620.0952380952381,-0.017767681235173492,0.29713605921929936,2.0,0.2857142857142857,0.0,2.0,2.0,1.0
653,391.0,441.4761904761905,0.017056050998609743,0.15561580913730902,0.0,0.0,0.0,2.0,2.0,2.0
285,897.0,119358.76190476191,0.0050850589884723334,0.24147863780130402,2.0,0.0,19.428571428571427,1.0,1.0,0.0
832,725.0,129342.71428571429,0.01504102764588131,0.10257651695476859,5.0,0.09523809523809523,155.0952380952381,3.0,3.0,2.0
289,296.0,942.047619047619,0.014832278274489328,0.19042941989163745,3.0,0.0,0.0,2.5,2.5,0.0
16,31.0,51.333333333333336,-0.023847926267281105,0.21838812915688066,4.0,0.0,0.0,2.9047619047619047,2.7142857142857144,0.0
921,58.0,3.380952380952381,-0.01410658307210031,0.10598958425717862,3.0,0.0,0.0,2.142857142857143,1.0,2.0
323,458.0,560.1904761904761,-8.912655971479601e-05,0.2267860503521651,4.0,2.0952380952380953,0.0,2.0,2.0,1.0
385,569.0,2032.5238095238096,0.023953602634584223,0.2398851031690365,3.0,485.14285714285717,0.0,3.0,3.0,1.0
261,578.0,2164.5714285714284,0.0038438032555679607,0.20525255825511227,5.0,454.23809523809524,0.0,3.0,3.0,0.0
820,245.0,88.19047619047619,0.00424512987012987,0.0805596819208621,1.0,0.0,0.0,1.0,1.1785714285714286,2.0
347,114.0,31.285714285714285,-0.011525974025974021,0.24534960479166978,3.0,0.0,0.0,1.0,1.0,1.0
750,627.0,2714.4285714285716,0.017062610244010717,0.12730906887025079,5.0,424.76190476190476,0.0,1.0,1.0,2.0
577,401.0,531.7142857142857,0.028951048951048948,0.24155172109223022,3.0,0.0,0.0,2.0,2.0,1.0
452,430.0,590.4285714285714,-0.016215672872019613,0.3136645734910101,4.0,0.9047619047619048,0.0,2.0,2.0,1.0
503,369.0,389.76190476190476,0.02896764252696456,0.27881172623112915,6.0,0.0,0.0,2.0,2.0,1.0
526,376.0,404.85714285714283,0.01920648159180269,0.22181299602681526,6.0,0.0,0.0,2.0,2.0,1.0
557,510.0,1444.4761904761904,0.01189615195165611,0.1855772225971579,0.0,292.3333333333333,0.0,3.0,3.0,1.0
348,461.0,547.8095238095239,-0.0037083015024191486,0.2349781107230938,0.0,2.2857142857142856,0.0,2.0,2.0,1.0
221,657.0,6354.857142857143,0.00012334769321403795,0.20420964790942858,0.0,683.0,21.285714285714285,1.8571428571428572,3.0,0.0
947,153.0,16.428571428571427,-0.00038994947611135586,0.027378707959624948,0.0,0.0,0.0,1.0,1.5714285714285714,2.0
343,103.0,35.80952380952381,0.0021645021645021645,0.22381193610896616,6.0,0.0,0.0,1.0,1.0,1.0
148,306.0,894.8095238095239,-0.019578534672874293,0.18900136342694412,6.0,0.0,0.0,2.5,2.5,0.0
927,692.0,7526.190476190476,0.01333408096893574,0.09167484534437487,0.0,145.47619047619048,753.1428571428571,3.0,3.0,2.0
25,8.0,351.9047619047619,-0.03345567476002258,0.2717794513652851,2.0,0.0,0.0,1.8571428571428572,2.7142857142857144,0.0
675,237.0,77.38095238095238,0.015103415103415101,0.18939621326552616,0.0,0.0,0.0,1.0,1.0,2.0
209,301.0,962.3809523809524,-0.007091612745322989,0.15334787814209372,1.0,0.0,0.0,2.5,2.5,0.0
887,860.0,20532.04761904762,0.0195830471120463,0.134816538711586,0.0,0.0,89.28571428571429,1.0,1.0,2.0
692,613.0,1967.4761904761904,0.015139210104963524,0.14739845456464537,5.0,363.6666666666667,0.0,1.8571428571428572,1.0,2.0
885,711.0,45652.57142857143,0.01583504525052885,0.10562206232278079,5.0,3.0,493.42857142857144,3.0,3.0,2.0
777,478.0,503.4761904761905,0.005508822642529606,0.08946512678546373,3.0,18.047619047619047,0.0,2.0,1.4285714285714286,2.0
36,25.0,68.95238095238095,-0.0192775974025974,0.22023042839776227,5.0,0.0,0.0,2.619047619047619,3.0,0.0
116,920.0,74111.09523809524,-0.01876882557877296,0.2466574990430418,4.0,0.0,35.57142857142857,1.0,1.0,0.0
68,783.0,92451.52380952382,-0.031106379325967003,0.2500647688466487,0.0,0.0,351.0952380952381,1.3333333333333333,1.0,0.0
35,15.0,193.42857142857142,-0.04556473829201101,0.3347356919151629,2.0,0.0,0.0,2.142857142857143,3.0,0.0
200,176.0,250.38095238095238,0.026979787130163062,0.257807497453727,2.0,0.0,0.0,1.880952380952381,2.4285714285714284,0.0
28,4.0,371.4761904761905,-0.004926676552974128,0.25048749088480327,5.0,0.0,0.0,1.6666666666666667,2.4285714285714284,0.0
109,921.0,71765.90476190476,-0.017909392592736946,0.24353186920590722,5.0,0.0,35.42857142857143,1.0,1.0,0.0
648,837.0,8085.619047619048,-0.009390666230974738,0.16224876121946863,5.0,0.0,311.2857142857143,1.0,1.0,2.0
561,468.0,511.76190476190476,-0.017778872912801478,0.24170088205728418,0.0,3.380952380952381,0.0,2.0,1.7142857142857142,1.0
450,671.0,4605.142857142857,-0.03533925287242668,0.27221777768135136,0.0,585.8571428571429,117.33333333333333,3.0,3.0,1.0
923,698.0,13222.285714285714,0.012346857581879577,0.0816261328502678,6.0,61.0,820.2857142857143,3.0,3.0,2.0
37,16.0,170.85714285714286,-0.04022825659189295,0.3054684979672981,3.0,0.0,0.0,2.1904761904761907,3.0,0.0
757,633.0,3275.3809523809523,0.019835317028059234,0.15224475842127963,4.0,455.42857142857144,0.9523809523809523,1.0,1.0,2.0
115,804.0,32466.333333333332,-0.019811654389847114,0.24162640479779696,0.0,0.0,493.6666666666667,1.0,1.0,0.0
808,483.0,555.4761904761905,0.013224085762116186,0.10911400177753554,1.0,44.857142857142854,0.0,1.7619047619047619,2.142857142857143,2.0
515,218.0,65.14285714285714,-0.010050818746470916,0.1962654295146659,2.0,0.0,0.0,1.9047619047619047,1.0,1.0
164,754.0,353911.3333333333,-0.009744401847610133,0.17399778002463476,6.0,0.047619047619047616,123.61904761904762,2.380952380952381,2.0,0.0
781,731.0,185293.7142857143,0.019212413073978828,0.13611906963805587,4.0,0.09523809523809523,150.9047619047619,3.0,2.7142857142857144,2.0
337,104.0,37.0,-0.003617810760667902,0.1935759678493128,0.0,0.0,0.0,1.0,1.0,1.0
314,573.0,2120.4285714285716,0.024152789950335967,0.24333227828052434,0.0,457.3809523809524,0.0,3.0,3.0,0.0
423,438.0,578.952380952381,0.008768275749407823,0.24808804941855908,5.0,1.2857142857142858,0.0,2.0,2.0,1.0
949,155.0,17.19047619047619,-0.0005221932114882506,0.026519229525131024,2.0,0.0,0.0,1.0,1.7142857142857142,2.0
55,768.0,224501.52380952382,-0.02624794074662219,0.22032417045814864,6.0,0.0,236.9047619047619,2.0,1.0714285714285714,0.0
431,533.0,1710.4285714285713,-0.0035248206781053463,0.28380500392624475,2.0,411.9047619047619,0.0,3.0,3.0,1.0
274,898.0,120290.38095238095,0.006846222569013409,0.24330183198180985,3.0,0.0,21.19047619047619,1.0,1.0,0.0
387,463.0,534.5238095238095,-0.019455054749172397,0.27370946337843055,2.0,2.3333333333333335,0.0,2.0,2.0,1.0
940,60.0,2.619047619047619,-0.010255261979399912,0.08338569217483106,5.0,0.0,0.0,1.9523809523809523,1.0,2.0
937,59.0,2.9047619047619047,-0.011419614867890728,0.08852387164344191,4.0,0.0,0.0,2.0476190476190474,1.0,2.0
822,866.0,36232.666666666664,0.028959215847981057,0.20036916970907256,6.0,0.0,94.76190476190476,1.0,1.0,2.0
632,170.0,168.9047619047619,0.04493506493506492,0.30432900132036894,3.0,0.0,0.0,1.5238095238095237,2.392857142857143,1.0
61,765.0,257277.0,-0.026559072435428457,0.22258090083017232,3.0,0.0,200.47619047619048,2.0,1.2857142857142858,0.0
144,793.0,51197.380952380954,-0.02862809356662778,0.25046760283434005,3.0,0.0,347.7142857142857,1.0,1.0,0.0
796,268.0,323.0952380952381,0.020072368236515103,0.1389899176783608,3.0,0.0,0.0,1.5476190476190477,2.3214285714285716,2.0
468,356.0,392.85714285714283,0.0042028523623615635,0.2808822622163771,0.0,0.0,0.0,2.1666666666666665,2.0,1.0
933,690.0,6184.190476190476,0.010291922150377565,0.0741842729064332,5.0,178.1904761904762,728.3809523809524,3.0,3.0,2.0
858,257.0,155.57142857142858,0.022167002672417828,0.15601200239290824,6.0,0.0,0.0,1.0714285714285714,1.9285714285714286,2.0
564,503.0,1304.4285714285713,0.027443609022556385,0.2343125734085551,0.0,228.38095238095238,0.0,2.3333333333333335,3.0,1.0
425,424.0,605.1428571428571,-0.014615415544208112,0.29685428115061213,5.0,0.5714285714285714,0.0,2.0,2.0,1.0
12,32.0,48.666666666666664,-0.02494763301214914,0.22251830200618147,5.0,0.0,0.0,2.9523809523809526,2.642857142857143,0.0
763,676.0,3972.6190476190477,-0.006785669748632712,0.0660131618393725,5.0,481.6666666666667,227.61904761904762,3.0,3.0,2.0
346,294.0,901.7619047619048,0.0222296547673432,0.2254372061346526,1.0,0.0,0.0,2.5,2.5,1.0
107,922.0,69288.80952380953,-0.018276874813851703,0.24494845620649158,6.0,0.0,35.38095238095238,1.0,1.0,0.0
175,824.0,13282.52380952381,-0.02564432242881801,0.24594918809818905,6.0,0.0,453.0952380952381,1.0,1.0,0.0
805,243.0,83.61904761904762,0.0044805194805194815,0.0814928833074515,6.0,0.0,0.0,1.0,1.1071428571428572,2.0
691,736.0,241357.61904761905,0.023130577700411624,0.1637095467804178,2.0,0.09523809523809523,133.23809523809524,3.0,2.357142857142857,2.0
46,775.0,151910.33333333334,-0.032142169219723425,0.25384456599497,6.0,0.0,348.14285714285717,1.7142857142857142,1.0,0.0
520,375.0,403.42857142857144,0.01722268557130942,0.21954500043134653,5.0,0.0,0.0,2.0,2.0,1.0
536,566.0,1911.047619047619,0.020781970808439836,0.2350670226202975,0.0,483.0,0.0,3.0,3.0,1.0
598,90.0,28.61904761904762,0.029272314986600694,0.2741245572302839,0.0,0.0,0.0,1.0,1.0,1.0
739,83.0,22.0,0.013584827870542156,0.2477411176524022,0.0,0.0,0.0,1.0,1.0,2.0
952,157.0,17.857142857142858,0.0020670744568656394,0.026679972819578235,4.0,0.0,0.0,1.0,1.8571428571428572,2.0
383,449.0,574.2857142857143,-0.02453933501053919,0.226195496429258,2.0,1.5714285714285714,0.0,2.0,2.0,1.0
664,605.0,1668.142857142857,0.021565276828434725,0.19600931049017664,4.0,390.0,0.0,2.619047619047619,1.0,2.0
18,10.0,328.85714285714283,-0.04054206662902314,0.2825022001039484,4.0,0.0,0.0,1.9523809523809523,2.857142857142857,0.0
558,289.0,799.3333333333334,0.039289894654701514,0.289581152905486,3.0,0.0,0.0,2.380952380952381,2.5,1.0
807,263.0,239.66666666666666,0.0335332441644734,0.22512769618595835,5.0,0.0,0.0,1.3095238095238095,2.142857142857143,2.0
950,156.0,17.476190476190474,0.0005221932114882504,0.02762716778162307,3.0,0.0,0.0,1.0,1.7857142857142858,2.0
782,273.0,419.76190476190476,0.020797154514070507,0.14538001213159601,1.0,0.0,0.0,1.7857142857142858,2.5,2.0
74,187.0,227.95238095238096,-0.033604317760161914,0.2428029333073474,6.0,0.0,0.0,2.3333333333333335,2.0357142857142856,0.0
10,36.0,36.80952380952381,-0.03302203414562964,0.26388039452287254,2.0,0.0,0.0,3.0,2.357142857142857,0.0
650,497.0,1072.952380952381,0.03637495626402124,0.2643291159564067,1.0,171.47619047619048,0.0,1.8571428571428572,3.0,2.0
409,110.0,32.95238095238095,-0.02213976499690785,0.2556034377193188,6.0,0.0,0.0,1.0,1.0,1.0
532,740.0,295488.3333333333,0.03226808263736529,0.2356093499259471,6.0,0.09523809523809523,140.61904761904762,3.0,2.0714285714285716,1.0
485,741.0,303639.14285714284,0.029406856886215006,0.22756829681301802,0.0,0.09523809523809523,153.76190476190476,3.0,2.0,1.0
242,300.0,947.9047619047619,-0.0034131697448280336,0.180453751959037,0.0,0.0,0.0,2.5,2.5,0.0
934,689.0,5595.523809523809,0.008261141741429664,0.060890614928999866,4.0,199.23809523809524,706.6666666666666,3.0,3.0,2.0
470,528.0,1642.6190476190477,0.020827562779273036,0.2760044321267597,4.0,398.57142857142856,0.0,3.0,3.0,1.0
670,674.0,4215.952380952381,-0.015218308978341078,0.11611632796737022,3.0,525.6190476190476,182.57142857142858,3.0,3.0,2.0
414,534.0,1731.8095238095239,0.002028628306000574,0.3027671419919917,3.0,415.23809523809524,0.0,3.0,3.0,1.0
30,27.0,64.66666666666667,-0.01946099013768186,0.21333164913500302,0.0,0.0,0.0,2.7142857142857144,3.0,0.0
136,791.0,57671.19047619047,-0.034635043268097014,0.2557636833769282,1.0,0.0,341.6190476190476,1.0,1.0,0.0
84,183.0,257.76190476190476,-0.026589556277056274,0.22192314245941283,2.0,0.0,0.0,2.238095238095238,2.1785714285714284,0.0
833,723.0,112309.76190476191,0.020916121375055295,0.14300477853886043,3.0,0.14285714285714285,153.23809523809524,3.0,3.0,2.0
740,625.0,2570.904761904762,0.012035364011103762,0.10548869968135657,3.0,421.7142857142857,0.0,1.0,1.0,2.0
118,803.0,33345.28571428572,-0.017135120076100394,0.23314482466895714,6.0,0.0,476.85714285714283,1.0,1.0,0.0
821,67.0,8.80952380952381,0.01967150496562261,0.16012666966430725,5.0,0.0,0.0,1.5238095238095237,1.0,2.0
891,847.0,7819.190476190476,0.0015169252737873948,0.05557197401429009,1.0,0.0,156.52380952380952,1.0,1.0,2.0
464,358.0,398.57142857142856,-0.013813459268004718,0.29720397249576624,2.0,0.0,0.0,2.119047619047619,2.0,1.0
903,849.0,8678.190476190477,0.005146664744863663,0.053074167508250406,3.0,0.0,137.33333333333334,1.0,1.0,2.0
356,50.0,8.333333333333334,-0.028257948947604115,0.19788817670489509,2.0,0.0,0.0,2.5714285714285716,1.5,1.0
26,6.0,360.76190476190476,-0.018897520390057702,0.2622912332225132,0.0,0.0,0.0,1.7619047619047619,2.5714285714285716,0.0
658,602.0,1580.142857142857,0.01496737093752019,0.2116169612691501,1.0,393.57142857142856,0.0,2.9047619047619047,1.0,2.0
324,457.0,561.4285714285714,-0.0031098803157626666,0.22833690536538914,3.0,1.9047619047619047,0.0,2.0,2.0,1.0
827,68.0,9.0,0.01890756302521008,0.15961133589664864,6.0,0.0,0.0,1.4761904761904763,1.0,2.0
712,639.0,4103.285714285715,0.02795339627311622,0.21644553555157098,3.0,504.9047619047619,4.285714285714286,1.0,1.7142857142857142,2.0
800,264.0,259.3809523809524,0.02449347618542484,0.1633099088797522,6.0,0.0,0.0,1.3571428571428572,2.1785714285714284,2.0
659,642.0,4652.809523809524,0.039099698434587576,0.27822274507636946,6.0,513.3333333333334,5.238095238095238,1.0,2.142857142857143,2.0
90,760.0,301213.8095238095,-0.017466347800344798,0.19571596148716944,5.0,0.0,147.61904761904762,2.0952380952380953,1.6428571428571428,0.0
556,519.0,1524.142857142857,0.0009942773524262453,0.1963457680708127,2.0,366.3333333333333,0.0,3.0,3.0,1.0
104,818.0,18146.95238095238,-0.028383239840275947,0.2510359116993634,0.0,0.0,488.5238095238095,1.0,1.0,0.0
481,366.0,397.0952380952381,-0.010183318486567582,0.24601214020588463,3.0,0.0,0.0,2.0,2.0,1.0
279,941.0,30570.571428571428,-0.0214637543109325,0.2460008025226284,4.0,0.0,277.0,1.0,1.0,0.0
66,782.0,98484.80952380953,-0.03190774131706827,0.253939555957644,6.0,0.0,359.04761904761904,1.380952380952381,1.0,0.0
491,364.0,403.76190476190476,-0.02445027896291433,0.28684327824560796,1.0,0.0,0.0,2.0,2.0,1.0
75,811.0,25503.809523809523,-0.02540922483458899,0.22905044603244468,0.0,0.0,555.2857142857143,1.0,1.0,0.0
196,752.0,359728.4285714286,-0.0040304296695401805,0.16970803589559033,4.0,0.047619047619047616,116.14285714285714,2.4761904761904763,2.0,0.0
172,200.0,111.04761904761905,-0.024402409185017876,0.22465493377502574,5.0,0.0,0.0,2.2142857142857144,2.0,0.0
92,785.0,81478.14285714286,-0.03102476243351558,0.23266700864701087,2.0,0.0,294.0952380952381,1.2380952380952381,1.0,0.0
717,675.0,4069.3809523809523,-0.010385105311824593,0.0858138323897984,4.0,510.5238095238095,205.33333333333334,3.0,3.0,2.0
767,241.0,79.52380952380952,0.007714904143475571,0.1060468564554195,4.0,0.0,0.0,1.0,1.0357142857142858,2.0
710,735.0,228844.85714285713,0.021603664046240045,0.15267786581630302,1.0,0.09523809523809523,137.38095238095238,3.0,2.4285714285714284,2.0
893,709.0,37436.80952380953,0.014829519461246398,0.09789124362103577,3.0,4.523809523809524,557.5238095238095,3.0,3.0,2.0
860,165.0,98.19047619047619,0.03719227408322535,0.26093436983213397,5.0,0.0,0.0,1.2857142857142858,2.2142857142857144,2.0
617,559.0,1745.5238095238096,0.008638506595552166,0.13275030201268365,0.0,489.57142857142856,0.0,3.0,3.0,1.0
737,491.0,826.8571428571429,0.030514816388719015,0.22570649178420107,2.0,108.04761904761905,0.0,1.5714285714285714,3.0,2.0
208,905.0,113874.80952380953,-0.01267278078519998,0.23373212765477738,3.0,0.0,24.38095238095238,1.0,1.0,0.0
226,130.0,27.428571428571427,-0.02707070707070707,0.23670280668991947,5.0,0.0,0.0,1.0,1.0,0.0
67,763.0,278158.90476190473,-0.027859827130838944,0.21884494751559633,1.0,0.0,160.95238095238096,2.0,1.4285714285714286,0.0
349,102.0,35.38095238095238,0.004823747680890536,0.22843202476074137,5.0,0.0,0.0,1.0,1.0,1.0
344,571.0,2085.3809523809523,0.028329747961649793,0.2489021438223658,5.0,470.7142857142857,0.0,3.0,3.0,1.0
494,527.0,1619.6190476190477,0.014204708772113201,0.2537293299262072,3.0,398.8095238095238,0.0,3.0,3.0,1.0
307,831.0,9605.42857142857,-0.02078269500003286,0.25126597576077075,6.0,0.0,370.4761904761905,1.0,1.0,0.0
918,853.0,11051.57142857143,0.010216129518554369,0.0770632843478376,0.0,0.0,115.95238095238095,1.0,1.0,2.0
528,143.0,17.571428571428573,-0.005873671782762692,0.20002213572897887,4.0,0.0,0.0,1.0,1.0,1.0
677,609.0,1800.5238095238096,0.023631808838643378,0.20186042825486405,1.0,367.42857142857144,0.0,2.238095238095238,1.0,2.0
448,428.0,595.3333333333334,-0.030662217039926012,0.3245880635677796,2.0,0.7619047619047619,0.0,2.0,2.0,1.0
910,701.0,17941.285714285714,0.01618943315695603,0.10565672346134737,2.0,35.19047619047619,816.3333333333334,3.0,3.0,2.0
913,147.0,15.19047619047619,-0.001810310901219992,0.03582738770463279,1.0,0.0,0.0,1.0,1.1428571428571428,2.0
642,232.0,68.14285714285714,0.010389610389610386,0.24791703681444957,2.0,0.0,0.0,1.2380952380952381,1.0,2.0
418,109.0,33.523809523809526,-0.024582560296846006,0.26056138673944607,5.0,0.0,0.0,1.0,1.0,1.0
842,720.0,94384.80952380953,0.020623219336053687,0.13643369955455253,0.0,0.42857142857142855,256.14285714285717,3.0,3.0,2.0
524,672.0,4486.619047619048,-0.03851551972065349,0.28356357020063117,1.0,570.8571428571429,135.61904761904762,3.0,3.0,1.0
902,705.0,26846.47619047619,0.015140081379751804,0.09777143111222807,6.0,14.095238095238095,728.2380952380952,3.0,3.0,2.0
457,543.0,1711.6190476190477,-0.001244588744588741,0.31278478406974747,5.0,435.42857142857144,0.0,3.0,3.0,1.0
294,575.0,2136.3809523809523,0.00628665452194864,0.2055068663960408,2.0,461.1904761904762,0.0,3.0,3.0,0.0
152,789.0,61483.52380952381,-0.031080078780709126,0.25818812025056953,6.0,0.0,323.57142857142856,1.0476190476190477,1.0,0.0
839,70.0,9.333333333333334,0.01453399541634835,0.15696993886421615,1.0,0.0,0.0,1.380952380952381,1.0,2.0
333,453.0,575.7619047619048,0.004792826221397648,0.2299471519786778,6.0,1.5238095238095237,0.0,2.0,2.0,1.0
553,890.0,102145.57142857143,0.010431795100242074,0.21331101472757824,2.0,0.0,21.571428571428573,1.0,1.0,1.0
389,436.0,585.0952380952381,0.003642897982520623,0.2530028212415296,3.0,1.2380952380952381,0.0,2.0,2.0,1.0
439,353.0,389.8095238095238,0.013006931718588155,0.28303197275592484,4.0,0.0,0.0,2.238095238095238,2.0,1.0
676,883.0,86825.33333333333,0.016478490784329544,0.18952226457152727,2.0,0.0,23.285714285714285,1.0,1.0,2.0
142,915.0,87645.0,-0.020175030286589745,0.22588840406097938,6.0,0.0,46.38095238095238,1.0,1.0,0.0
673,496.0,1037.952380952381,0.03836652236652237,0.26413442520495617,0.0,160.71428571428572,0.0,1.8095238095238095,3.0,2.0
246,133.0,24.333333333333332,-0.03207227555053642,0.2549447967725293,1.0,0.0,0.0,1.0,1.0,0.0
697,494.0,960.7619047619048,0.03849158249158247,0.264784500182704,5.0,139.42857142857142,0.0,1.7142857142857142,3.0,2.0
651,233.0,68.23809523809524,0.017701298701298697,0.24899607952545683,3.0,0.0,0.0,1.1904761904761905,1.0,2.0
437,648.0,5619.714285714285,0.04093306113214864,0.3018298815689692,5.0,583.6190476190476,7.0476190476190474,1.0,3.0,1.0
112,923.0,66890.38095238095,-0.020540450930507492,0.25323256896056967,0.0,0.0,35.04761904761905,1.0,1.0,0.0
743,240.0,78.9047619047619,0.006550802139037432,0.12831442776592533,3.0,0.0,0.0,1.0,1.0,2.0
482,525.0,1620.0,0.01832292456034911,0.2587068639302864,1.0,389.3809523809524,0.0,3.0,3.0,1.0
790,730.0,174130.38095238095,0.017556324261447317,0.12573390097983575,3.0,0.09523809523809523,151.04761904761904,3.0,2.7857142857142856,2.0
239,901.0,119294.76190476191,-0.0009756046149192866,0.24685430612368786,6.0,0.0,24.047619047619047,1.0,1.0,0.0
624,396.0,481.8095238095238,0.0258462848626783,0.21070597306385447,5.0,0.0,0.0,2.0,2.0,1.0
232,129.0,27.666666666666668,-0.024617604617604615,0.23458219579576398,4.0,0.0,0.0,1.0,1.0,0.0
579,515.0,1471.3809523809523,0.006365465520395099,0.2048583415199094,5.0,341.42857142857144,0.0,3.0,3.0,1.0
681,641.0,4473.761904761905,0.036433344951431294,0.26506395825787477,5.0,511.0,4.904761904761905,1.0,2.0,2.0
124,801.0,35499.47619047619,-0.018619193410790606,0.23992080565916615,4.0,0.0,444.0952380952381,1.0,1.0,0.0
3,45.0,15.666666666666666,-0.033153638814016166,0.23868732429710535,4.0,0.0,0.0,2.8095238095238093,1.8571428571428572,0.0
266,319.0,564.1904761904761,-0.035781907108583276,0.25547961645092515,5.0,0.0,0.0,2.5,2.5,0.0
301,325.0,458.6190476190476,-0.02719155844155844,0.2616559650913254,4.0,0.0,0.0,2.5,2.5,0.0
193,826.0,12417.857142857143,-0.03193911408989496,0.25664359643140355,1.0,0.0,419.42857142857144,1.0,1.0,0.0
793,269.0,341.57142857142856,0.020521518839904485,0.1425308879554437,4.0,0.0,0.0,1.5952380952380953,2.357142857142857,2.0
390,111.0,32.333333333333336,-0.013798701298701295,0.2465174097976314,0.0,0.0,0.0,1.0,1.0,1.0
319,587.0,1939.952380952381,-0.029581213307240693,0.24110999187842352,0.0,443.6666666666667,0.0,3.0,3.0,1.0
724,877.0,68672.28571428571,0.019116961261606127,0.17188303955317347,3.0,0.0,51.57142857142857,1.0,1.0,2.0
29,13.0,250.14285714285714,-0.04481215568505002,0.3144437250652852,0.0,0.0,0.0,2.0476190476190474,3.0,0.0
11,35.0,38.476190476190474,-0.030220341456296505,0.25611124274573177,1.0,0.0,0.0,3.0,2.4285714285714284,0.0
888,164.0,83.85714285714286,0.03254286316931328,0.2370251996192384,4.0,0.0,0.0,1.2380952380952381,2.1785714285714284,2.0
483,362.0,398.6666666666667,-0.011774589047316318,0.2900145381876237,6.0,0.0,0.0,2.0238095238095237,2.0,1.0
700,87.0,24.19047619047619,0.026695526695526686,0.26710182972634366,4.0,0.0,0.0,1.0,1.0,2.0
295,324.0,475.42857142857144,-0.026666819096396555,0.22217205742845392,3.0,0.0,0.0,2.5,2.5,0.0
762,873.0,57325.666666666664,0.02528243401393827,0.18883911215671276,6.0,0.0,75.95238095238095,1.0,1.0,2.0
931,691.0,6851.952380952381,0.012119357570235502,0.08542189993713077,6.0,159.8095238095238,741.6190476190476,3.0,3.0,2.0
868,862.0,24630.571428571428,0.021052160714764546,0.15654536419945192,2.0,0.0,92.14285714285714,1.0,1.0,2.0
303,96.0,36.142857142857146,0.014673046251993616,0.2438713687885393,6.0,0.0,0.0,1.0,1.0,0.0
306,115.0,31.476190476190474,-0.004285714285714285,0.2507013970367745,4.0,0.0,0.0,1.0,1.0,0.0
649,392.0,445.3809523809524,0.014533247431419751,0.1491167408623624,1.0,0.0,0.0,2.0,2.0,2.0
185,136.0,23.666666666666668,-0.018520609824957648,0.241522945769824,4.0,0.0,0.0,1.0,1.0,0.0
250,204.0,94.28571428571429,-0.03399209486166008,0.2684207321370572,2.0,0.0,0.0,2.119047619047619,1.8571428571428572,0.0
7,41.0,25.333333333333332,-0.03192148760330578,0.2375335267042106,0.0,0.0,0.0,3.0,2.0,0.0
879,250.0,99.33333333333333,0.005882654894512602,0.05971301712849161,6.0,0.0,0.0,1.0,1.5357142857142858,2.0
908,684.0,4063.7619047619046,0.004112223357167178,0.03562441719817257,6.0,310.04761904761904,503.95238095238096,3.0,3.0,2.0
365,293.0,891.952380952381,0.03597442313038643,0.2925530321986684,0.0,0.0,0.0,2.4761904761904763,2.5,1.0
550,509.0,1439.4285714285713,0.014644929538546559,0.18822117581513742,6.0,281.6666666666667,0.0,2.9047619047619047,3.0,1.0
218,903.0,117765.09523809524,-0.017612326707297014,0.2437259866069174,1.0,0.0,24.38095238095238,1.0,1.0,0.0
541,337.0,370.3809523809524,-0.012026930125089635,0.21031064137625707,2.0,0.0,0.0,2.5,2.1785714285714284,1.0
741,279.0,549.6666666666666,0.025388257575757574,0.18393701902442747,0.0,0.0,0.0,2.119047619047619,2.5,2.0
571,219.0,62.95238095238095,-0.007216261998870693,0.1853719744893924,3.0,0.0,0.0,1.8571428571428572,1.0,1.0
479,567.0,1958.8095238095239,0.018920803123257113,0.22220472628152382,1.0,482.3809523809524,0.0,3.0,3.0,1.0
304,99.0,37.57142857142857,-0.00925039872408293,0.21187952730174286,2.0,0.0,0.0,1.0,1.0,0.0
79,808.0,28492.714285714286,-0.021195720400584758,0.22086037591543503,4.0,0.0,569.1904761904761,1.0,1.0,0.0
828,69.0,9.238095238095237,0.016653934300993118,0.15769648875972003,0.0,0.0,0.0,1.4285714285714286,1.0,2.0
288,747.0,346814.85714285716,0.012620198824114352,0.19354609390921979,6.0,0.09523809523809523,125.0,2.7142857142857144,2.0,0.0
256,655.0,6322.9047619047615,0.010722570260844864,0.21023584251752764,5.0,664.8095238095239,16.238095238095237,1.6666666666666667,3.0,0.0
497,407.0,579.6666666666666,0.01736908253037285,0.2556181085377513,2.0,0.0,0.0,2.0,2.0,1.0
322,101.0,36.476190476190474,-8.854781582054277e-05,0.23778191702265195,4.0,0.0,0.0,1.0,1.0,1.0
371,413.0,625.0,0.006401029311246028,0.2710826437264128,1.0,0.0,0.0,2.0,2.0,1.0
311,652.0,6077.809523809524,0.015392687506903783,0.22002686155550427,2.0,635.1904761904761,13.19047619047619,1.380952380952381,3.0,0.0
804,482.0,541.952380952381,0.014244122570783897,0.11294381080517149,0.0,37.857142857142854,0.0,1.8095238095238095,2.0,2.0
361,451.0,575.3333333333334,-0.01283742435574896,0.22664977301034184,4.0,1.6666666666666667,0.0,2.0,2.0,1.0
578,887.0,99053.42857142857,0.023709811074244854,0.2215406864464721,6.0,0.0,16.0,1.0,1.0,1.0
168,823.0,14000.190476190477,-0.028348141490148658,0.258896925420031,5.0,0.0,466.6666666666667,1.0,1.0,0.0
63,781.0,105257.66666666667,-0.03369589283925956,0.2633954766400127,5.0,0.0,374.23809523809524,1.4285714285714286,1.0,0.0
173,934.0,41441.09523809524,-0.019081541761272604,0.2218155841937617,4.0,0.0,169.1904761904762,1.0,1.0,0.0
627,229.0,66.28571428571429,0.011753246753246752,0.2416224918575019,6.0,0.0,0.0,1.380952380952381,1.0,1.0
111,924.0,65764.14285714286,-0.029510595781013726,0.26384729718304706,1.0,0.0,35.095238095238095,1.0,1.0,0.0
451,333.0,396.0952380952381,-0.009553023663453111,0.22288163874114392,5.0,0.0,0.0,2.5,2.3214285714285716,1.0
281,116.0,31.761904761904763,0.005519480519480518,0.26123561705680104,5.0,0.0,0.0,1.0,1.0,0.0
509,373.0,396.9047619047619,0.021889157354273627,0.2783475681935379,3.0,0.0,0.0,2.0,2.0,1.0
287,653.0,6186.9047619047615,0.01586293414968992,0.22183729417093734,3.0,643.0,14.238095238095237,1.4761904761904763,3.0,0.0
863,844.0,7484.047619047619,0.0015646387103101552,0.05738496724994449,5.0,0.0,193.76190476190476,1.0,1.0,2.0
24,9.0,343.7142857142857,-0.0391289488543493,0.279209291765038,3.0,0.0,0.0,1.9047619047619047,2.7857142857142856,0.0
694,169.0,154.9047619047619,0.04505729564553093,0.3048379498138794,2.0,0.0,0.0,1.4761904761904763,2.357142857142857,2.0
220,664.0,5727.714285714285,-0.029069191334461144,0.2521275188846586,0.0,666.2380952380952,47.38095238095238,2.5238095238095237,3.0,0.0
901,857.0,15781.666666666666,0.015226801792758088,0.11266275464255647,4.0,0.0,98.14285714285714,1.0,1.0,2.0
155,912.0,100076.42857142857,-0.02240779772098858,0.21795966857601004,3.0,0.0,46.0,1.0,1.0,0.0
529,378.0,412.57142857142856,0.01088407005838199,0.19728275466607853,1.0,0.0,0.0,2.0,2.0,1.0
622,557.0,1716.7142857142858,0.0064690155313518296,0.12774765933892868,5.0,494.5238095238095,0.0,3.0,3.0,1.0
848,719.0,88436.95238095238,0.0198770139858993,0.1327906313563481,6.0,0.47619047619047616,289.7142857142857,3.0,3.0,2.0
527,377.0,409.8095238095238,0.016412486595972837,0.2105080759626357,0.0,0.0,0.0,2.0,2.0,1.0
165,137.0,22.666666666666668,-0.01084415584415584,0.23879035435572632,5.0,0.0,0.0,1.0,1.0,0.0
630,228.0,65.61904761904762,0.013649350649350644,0.24362832738571658,5.0,0.0,0.0,1.4285714285714286,1.0,1.0
487,361.0,395.85714285714283,-0.009604032331305055,0.29283145958433443,5.0,0.0,0.0,2.0476190476190474,2.0,1.0
682,472.0,495.6666666666667,-0.008657057228485797,0.12186874291770695,4.0,7.428571428571429,0.0,2.0,1.4285714285714286,2.0
581,553.0,1707.7619047619048,-0.0004013796575347125,0.12512638064352335,1.0,495.6666666666667,0.0,3.0,3.0,1.0
382,435.0,590.3809523809524,-0.005040656672704151,0.25929773647879895,2.0,1.2857142857142858,0.0,2.0,2.0,1.0
689,88.0,24.761904761904763,0.028220985363842502,0.26908880903526283,5.0,0.0,0.0,1.0,1.0,2.0
237,656.0,6343.714285714285,0.006371473807682802,0.2068507207656579,6.0,677.0,18.047619047619047,1.7619047619047619,3.0,0.0
792,480.0,519.7619047619048,0.011716386095889694,0.10533730735436542,5.0,27.38095238095238,0.0,1.9047619047619047,1.7142857142857142,2.0
97,194.0,153.47619047619048,-0.02908591408591409,0.2148124923629353,6.0,0.0,0.0,2.357142857142857,2.0,0.0
247,750.0,356139.8095238095,-0.00349093427178642,0.16725217108154505,2.0,0.047619047619047616,115.71428571428571,2.5714285714285716,2.0,0.0
646,393.0,450.8095238095238,0.011250890102065036,0.13657778278666471,2.0,0.0,0.0,2.0,2.0,2.0
619,562.0,1756.4285714285713,0.002762404350546225,0.11716636449902619,3.0,476.4761904761905,0.0,3.0,3.0,1.0
818,79.0,16.285714285714285,0.003896103896103895,0.14278074525311027,3.0,0.0,0.0,1.0,1.0,2.0
396,892.0,110262.04761904762,0.02246768650220614,0.26942657234790507,4.0,0.0,13.857142857142858,1.0,1.0,1.0
89,806.0,30805.95238095238,-0.02588791448206121,0.24140812591068297,2.0,0.0,560.1428571428571,1.0,1.0,0.0
407,332.0,402.42857142857144,-0.010995139829495655,0.22766971891618268,4.0,0.0,0.0,2.5,2.357142857142857,1.0
874,714.0,57582.19047619047,0.018280592896911807,0.11942399541289056,1.0,1.7619047619047619,451.8095238095238,3.0,3.0,2.0
277,585.0,2081.809523809524,-0.03023153317270964,0.23427177913352035,5.0,450.6190476190476,0.0,3.0,3.0,0.0
59,766.0,245512.04761904763,-0.02512460361338247,0.214969661328832,4.0,0.0,216.71428571428572,2.0,1.2142857142857142,0.0
260,940.0,32596.571428571428,-0.02270188192724423,0.22014528995080893,3.0,0.0,258.0952380952381,1.0,1.0,0.0
657,285.0,699.2380952380952,0.04157301551316513,0.27819095356790624,6.0,0.0,0.0,2.2857142857142856,2.5,2.0
77,761.0,291889.2380952381,-0.01827643911265056,0.19904195172298134,6.0,0.0,147.71428571428572,2.0476190476190474,1.5714285714285714,0.0
318,211.0,74.9047619047619,-0.024047264211198634,0.24669141970635536,2.0,0.0,0.0,2.0,1.3571428571428572,1.0
633,563.0,1745.5714285714287,0.0036286635545502654,0.11551875773612849,4.0,476.1904761904762,0.0,3.0,3.0,1.0
72,810.0,26809.04761904762,-0.025511621435716045,0.22955025529129658,6.0,0.0,562.952380952381,1.0,1.0,0.0
265,140.0,20.047619047619047,-0.0036075036075036075,0.23298190971144614,1.0,0.0,0.0,1.0,1.0,0.0
195,908.0,107253.52380952382,-0.014784253954906184,0.2388105855758233,6.0,0.0,42.42857142857143,1.0,1.0,0.0
117,179.0,272.3809523809524,0.0002453941407429815,0.1994480031860827,5.0,0.0,0.0,2.0952380952380953,2.3214285714285716,0.0
916,854.0,11483.142857142857,0.008977281892198652,0.07329307632758246,1.0,0.0,108.23809523809524,1.0,1.0,2.0
480,526.0,1622.2857142857142,0.009456740442655936,0.25565479427201726,2.0,395.4761904761905,0.0,3.0,3.0,1.0
475,360.0,396.0,-0.008323494687131049,0.2927473522927899,4.0,0.0,0.0,2.0714285714285716,2.0,1.0
176,753.0,359600.95238095237,-0.008050130521697322,0.16992714949220578,5.0,0.047619047619047616,117.57142857142857,2.4285714285714284,2.0,0.0
538,835.0,8459.238095238095,-0.012518452593051151,0.17311723926097966,3.0,0.0,320.14285714285717,1.0,1.0,1.0
330,669.0,4939.476190476191,-0.03781687096892666,0.2865238974559564,5.0,612.1428571428571,90.80952380952381,3.0,3.0,1.0
403,443.0,582.0952380952381,0.0032590051457975972,0.25427966333845314,3.0,1.7619047619047619,0.0,2.0,2.0,1.0
555,91.0,29.904761904761905,0.026282192383887296,0.27808517302445357,1.0,0.0,0.0,1.0,1.0,1.0
936,148.0,15.142857142857142,-0.0019824872097599366,0.0358607452147426,2.0,0.0,0.0,1.0,1.2142857142857142,2.0
771,167.0,130.8095238095238,0.045493717419471474,0.3043714069945226,0.0,0.0,0.0,1.380952380952381,2.2857142857142856,2.0
400,349.0,390.5238095238095,0.02419329137120548,0.293278836690748,0.0,0.0,0.0,2.3333333333333335,2.0,1.0
647,235.0,73.0952380952381,0.01640012879682301,0.21100947056055055,5.0,0.0,0.0,1.0952380952380953,1.0,2.0
181,935.0,39493.333333333336,-0.01644239245585013,0.2110203374076679,5.0,0.0,180.28571428571428,1.0,1.0,0.0
882,712.0,49687.666666666664,0.017146145520479293,0.1130752642277648,6.0,2.7142857142857144,478.85714285714283,3.0,3.0,2.0
720,492.0,872.6190476190476,0.03308513708513708,0.2373127419964649,3.0,117.61904761904762,0.0,1.619047619047619,3.0,2.0
291,668.0,5123.857142857143,-0.04006487898974945,0.2977013272051175,4.0,622.952380952381,80.66666666666667,2.9047619047619047,3.0,0.0
146,821.0,15517.52380952381,-0.03484294879049854,0.27907486386870833,3.0,0.0,474.4761904761905,1.0,1.0,0.0
765,631.0,3017.809523809524,0.015522704603387302,0.12801129916532272,2.0,446.0952380952381,0.23809523809523808,1.0,1.0,2.0
701,52.0,6.809523809523809,-0.02355575459023735,0.16559590358481768,4.0,0.0,0.0,2.4761904761904763,1.3571428571428572,2.0
803,265.0,273.42857142857144,0.022568604699928694,0.15055027633123275,0.0,0.0,0.0,1.4047619047619047,2.2142857142857144,2.0
254,125.0,28.714285714285715,0.0028860028860028847,0.21774862130706768,0.0,0.0,0.0,1.0,1.0,0.0
703,615.0,2054.5238095238096,0.013059508984166518,0.13889136022011456,0.0,364.2857142857143,0.0,1.6666666666666667,1.0,2.0
783,487.0,671.7619047619048,0.024787854191263274,0.18395995611434662,5.0,75.95238095238095,0.0,1.5714285714285714,2.7142857142857144,2.0
94,192.0,175.0,-0.031733147804576374,0.22523293560988525,4.0,0.0,0.0,2.357142857142857,2.0,0.0
876,251.0,105.33333333333333,0.006457574046506853,0.06395756872210788,0.0,0.0,0.0,1.0,1.6071428571428572,2.0
384,445.0,587.8095238095239,-6.942742791799687e-05,0.2494973766421726,5.0,1.4761904761904763,0.0,2.0,2.0,1.0
583,645.0,5099.238095238095,0.033827909958146364,0.26666830412624287,2.0,545.8095238095239,5.9523809523809526,1.0,2.5714285714285716,1.0
45,774.0,160895.7142857143,-0.03350776006568154,0.26074220915163815,5.0,0.0,345.7142857142857,1.7619047619047619,1.0,0.0
399,447.0,577.0952380952381,-0.0069999183206730375,0.257644687004043,0.0,1.5238095238095237,0.0,2.0,2.0,1.0
602,644.0,4964.0,0.03664802719645193,0.26927855849521515,1.0,530.9047619047619,5.761904761904762,1.0,2.4285714285714284,1.0
338,894.0,115061.28571428571,0.020742054007958578,0.26535487376782585,6.0,0.0,12.476190476190476,1.0,1.0,1.0
341,832.0,9289.238095238095,-0.021073214978210995,0.25228157284488023,0.0,0.0,356.5238095238095,1.0,1.0,1.0
331,745.0,339486.7619047619,0.01748790314417022,0.2006524125874136,4.0,0.09523809523809523,149.52380952380952,2.8095238095238093,2.0,1.0
909,702.0,20033.809523809523,0.011627769055571157,0.07630579148046648,3.0,28.666666666666668,819.5238095238095,3.0,3.0,2.0
518,405.0,568.0952380952381,0.02984015984015984,0.24507496573695486,0.0,0.0,0.0,2.0,2.0,1.0
186,937.0,38519.76190476191,-0.022089926364510237,0.2153434839154974,0.0,0.0,211.0,1.0,1.0,0.0
714,879.0,75449.90476190476,0.019929093768783566,0.17580247159946544,5.0,0.0,42.857142857142854,1.0,1.0,2.0
788,145.0,16.571428571428573,-0.0020211576502967227,0.059180678043645844,6.0,0.0,0.0,1.0,1.0,2.0
65,21.0,86.33333333333333,-0.022196499153020886,0.2025141285805319,1.0,0.0,0.0,2.4285714285714284,3.0,0.0
791,486.0,636.0,0.020785677390791027,0.16128884510328687,4.0,68.33333333333333,0.0,1.619047619047619,2.5714285714285716,2.0
951,158.0,20.571428571428573,0.004426432036640852,0.04308036421249617,5.0,0.0,0.0,1.0,1.9285714285714286,2.0
823,166.0,112.80952380952381,0.04073583029499502,0.27810366442193873,6.0,0.0,0.0,1.3333333333333333,2.25,2.0
22,12.0,274.7142857142857,-0.04813799451703919,0.3301331614906145,6.0,0.0,0.0,2.0,3.0,0.0
362,462.0,540.9047619047619,-0.011185383244206771,0.2548688524429549,1.0,2.238095238095238,0.0,2.0,2.0,1.0
199,120.0,31.952380952380953,0.0010500138159712643,0.22431185351382588,2.0,0.0,0.0,1.0,1.0,0.0
628,643.0,4822.333333333333,0.03982860779826939,0.28152847853722657,0.0,523.6666666666666,5.619047619047619,1.0,2.2857142857142856,1.0
894,708.0,33744.619047619046,0.01642654163172726,0.10532561586693409,2.0,5.904761904761905,591.7619047619048,3.0,3.0,2.0
735,84.0,22.047619047619047,0.016821273964131103,0.24812099057338727,1.0,0.0,0.0,1.0,1.0,2.0
393,420.0,620.7619047619048,-0.009372361384745282,0.29488234428176924,1.0,0.2857142857142857,0.0,2.0,2.0,1.0
594,500.0,1190.5238095238096,0.036095737878420374,0.2755349165670445,4.0,202.95238095238096,0.0,2.0476190476190474,3.0,1.0
229,175.0,240.95238095238096,0.0343982052011249,0.27773323098317126,1.0,0.0,0.0,1.8095238095238095,2.4642857142857144,0.0
353,330.0,410.4761904761905,-0.0256206690835666,0.28869845945895567,2.0,0.0,0.0,2.5,2.4285714285714284,1.0
17,29.0,59.857142857142854,-0.024851088760863192,0.22985007555997025,2.0,0.0,0.0,2.8095238095238093,2.857142857142857,0.0
454,409.0,597.7142857142857,0.020850439882697948,0.2698867509384159,4.0,0.0,0.0,2.0,2.0,1.0
601,287.0,753.2857142857143,0.039800702442211865,0.27355183573923025,1.0,0.0,0.0,2.3333333333333335,2.5,1.0
360,142.0,18.571428571428573,-0.006746031746031746,0.24257037743107598,3.0,0.0,0.0,1.0,1.0,1.0
702,614.0,2006.6666666666667,0.014311955168119549,0.14446930425230584,6.0,364.1904761904762,0.0,1.7619047619047619,1.0,2.0
449,530.0,1675.142857142857,0.0249692962972641,0.28513297157637696,6.0,399.0952380952381,0.0,3.0,3.0,1.0
897,858.0,17281.238095238095,0.017014870751045554,0.12179913054067781,5.0,0.0,92.95238095238095,1.0,1.0,2.0
127,178.0,267.4761904761905,0.010668700926580581,0.2234527529219911,4.0,0.0,0.0,2.0238095238095237,2.357142857142857,0.0
284,322.0,505.42857142857144,-0.035515364916773366,0.25701968562211486,1.0,0.0,0.0,2.5,2.5,0.0
15,30.0,57.142857142857146,-0.02628649545942779,0.23470555241124655,3.0,0.0,0.0,2.857142857142857,2.7857142857142856,0.0
96,181.0,267.0952380952381,-0.013087465021166672,0.20214106992406278,0.0,0.0,0.0,2.1904761904761907,2.25,0.0
666,606.0,1699.2380952380952,0.025358272414472235,0.20608338496431702,5.0,388.7142857142857,0.0,2.5238095238095237,1.0,2.0
178,312.0,754.5714285714286,-0.03782858459664543,0.2694803332496911,5.0,0.0,0.0,2.5,2.5,0.0
749,635.0,3541.1428571428573,0.022882663382492206,0.1689554526497701,6.0,461.42857142857144,1.619047619047619,1.0,1.1428571428571428,2.0
213,906.0,111236.76190476191,-0.01331784838906298,0.23556642218097626,4.0,0.0,24.38095238095238,1.0,1.0,0.0
768,872.0,54397.04761904762,0.026280147820695966,0.19308896643543288,5.0,0.0,83.14285714285714,1.0,1.0,2.0
707,616.0,2093.3809523809523,0.008629829002805778,0.12378777026263248,1.0,362.85714285714283,0.0,1.5714285714285714,1.0,2.0
357,744.0,330119.5714285714,0.01957001636227437,0.20809096258155915,3.0,0.09523809523809523,168.8095238095238,2.857142857142857,2.0,1.0
132,820.0,16375.190476190477,-0.03706392652778929,0.2752788938711576,2.0,0.0,478.2857142857143,1.0,1.0,0.0
313,173.0,218.38095238095238,0.045420287146905845,0.31394585521395985,6.0,0.0,0.0,1.6666666666666667,2.5,0.0
401,446.0,579.8571428571429,0.0003308012741974963,0.2479481194926391,6.0,1.4761904761904763,0.0,2.0,2.0,1.0
129,929.0,51979.23809523809,-0.025078464563634346,0.264930843014035,6.0,0.0,76.9047619047619,1.0,1.0,0.0
537,343.0,369.95238095238096,-0.012787825671261249,0.22464058762311737,1.0,0.0,0.0,2.4761904761904763,2.0,1.0
721,281.0,595.2380952380952,0.025695079568319002,0.19393063764220705,2.0,0.0,0.0,2.1904761904761907,2.5,2.0
591,836.0,8342.47619047619,-0.012128546633540942,0.1724759780246661,4.0,0.0,309.1904761904762,1.0,1.0,1.0
590,673.0,4375.857142857143,-0.03392148295512648,0.24048018433079066,2.0,543.047619047619,156.04761904761904,3.0,3.0,1.0
941,149.0,15.238095238095237,-0.002179962894248608,0.033690986991632636,3.0,0.0,0.0,1.0,1.2857142857142858,2.0
5,43.0,19.952380952380953,-0.040468460111317245,0.2806172695901403,2.0,0.0,0.0,2.9047619047619047,2.0,0.0
930,687.0,4696.857142857143,0.006245224293704391,0.04678596386074255,2.0,236.28571428571428,647.0,3.0,3.0,2.0
501,546.0,1687.3333333333333,-0.010168240850059027,0.3268742443018924,1.0,454.76190476190476,0.0,3.0,3.0,1.0
150,796.0,44084.76190476191,-0.021253405491609013,0.2281261875603904,6.0,0.0,384.23809523809524,1.0,1.0,0.0
742,636.0,3669.809523809524,0.023557356713809978,0.1723082823920559,0.0,469.4761904761905,1.7142857142857142,1.0,1.2857142857142858,2.0
500,547.0,1698.8095238095239,-0.019012787978305214,0.31538450937794515,2.0,464.7142857142857,0.0,3.0,3.0,1.0
631,498.0,1105.4285714285713,0.034611822812162366,0.2663469309156218,2.0,182.57142857142858,0.0,1.9047619047619047,3.0,1.0
831,55.0,5.0,-0.018137035378414688,0.13220889319090215,0.0,0.0,0.0,2.3333333333333335,1.1428571428571428,2.0
764,80.0,19.476190476190474,0.010660980810234543,0.21258149002248355,4.0,0.0,0.0,1.0,1.0,2.0
567,517.0,1501.2857142857142,0.010235438605659935,0.21620725793904014,0.0,353.2857142857143,0.0,3.0,3.0,1.0
244,318.0,596.952380952381,-0.037928598598054655,0.26972486606905055,4.0,0.0,0.0,2.5,2.5,0.0
603,738.0,273759.7619047619,0.03282955463620856,0.23739385341588634,4.0,0.09523809523809523,136.95238095238096,3.0,2.2142857142857144,1.0
6,39.0,30.904761904761905,-0.03555555555555555,0.26779632858529356,5.0,0.0,0.0,3.0,2.142857142857143,0.0
223,118.0,32.0,0.014512987012987009,0.26220221204253785,0.0,0.0,0.0,1.0,1.0,0.0
813,842.0,7604.047619047619,-0.0022101161397429323,0.06255624893603347,3.0,0.0,227.71428571428572,1.0,1.0,2.0
198,119.0,32.0,0.007709311964631116,0.22315081875960668,1.0,0.0,0.0,1.0,1.0,0.0
93,182.0,263.23809523809524,-0.020967686666895104,0.2095540105615576,1.0,0.0,0.0,2.2142857142857144,2.2142857142857144,0.0
547,379.0,413.14285714285717,-0.00011347875425545452,0.20273768248791238,2.0,0.0,0.0,2.0,2.0,1.0
302,746.0,342947.04761904763,0.015382696585903513,0.19780235941896393,5.0,0.09523809523809523,134.71428571428572,2.761904761904762,2.0,0.0
227,132.0,25.571428571428573,-0.02796536796536797,0.24022329412562055,0.0,0.0,0.0,1.0,1.0,0.0
871,845.0,7587.0952380952385,0.00290410785279112,0.058186712648070585,6.0,0.0,180.85714285714286,1.0,1.0,2.0
85,189.0,206.66666666666666,-0.033604720152943496,0.2359769213426551,1.0,0.0,0.0,2.357142857142857,2.0,0.0
42,23.0,75.57142857142857,-0.020655534941249224,0.22850488764371915,3.0,0.0,0.0,2.5238095238095237,3.0,0.0
722,878.0,71938.33333333333,0.019615495963841892,0.17423175752227393,4.0,0.0,47.95238095238095,1.0,1.0,2.0
726,638.0,3913.8571428571427,0.021899356963534324,0.17226590836233713,2.0,494.3809523809524,3.238095238095238,1.0,1.5714285714285714,2.0
837,78.0,14.523809523809524,0.002597402597402597,0.13158429150285422,2.0,0.0,0.0,1.0,1.0,2.0
428,538.0,1739.6190476190477,-0.001094890510948896,0.3057774395833187,0.0,415.23809523809524,0.0,3.0,3.0,1.0
326,210.0,76.04761904761905,-0.024611454119650832,0.24751487472880127,1.0,0.0,0.0,2.0,1.4285714285714286,1.0
747,626.0,2640.3809523809523,0.014946879990070577,0.11828148060329839,4.0,425.42857142857144,0.0,1.0,1.0,2.0
713,619.0,2249.190476190476,0.009734582357533175,0.11828744598236707,4.0,378.57142857142856,0.0,1.2857142857142858,1.0,2.0
359,415.0,630.3809523809524,-0.0007800249286317406,0.2781376250701987,3.0,0.19047619047619047,0.0,2.0,2.0,1.0
31,3.0,369.9047619047619,0.003887116343863753,0.2529309215416468,4.0,0.0,0.0,1.619047619047619,2.357142857142857,0.0
912,855.0,12809.57142857143,0.009964647348088999,0.08038092164944584,2.0,0.0,105.04761904761905,1.0,1.0,2.0
380,172.0,205.14285714285714,0.048217010806938854,0.3246512522991998,5.0,0.0,0.0,1.619047619047619,2.4642857142857144,1.0
179,303.0,942.2380952380952,-0.013780663780663777,0.1672178966132009,3.0,0.0,0.0,2.5,2.5,0.0
523,948.0,24440.904761904763,-0.013358754084142686,0.23538366497858051,4.0,0.0,348.1904761904762,1.0,1.0,1.0
402,350.0,391.85714285714283,0.016480758505298385,0.28910825000282764,1.0,0.0,0.0,2.3095238095238093,2.0,1.0
141,309.0,836.1904761904761,-0.03236663447540251,0.23799872174306064,2.0,0.0,0.0,2.5,2.5,0.0
824,64.0,6.095238095238095,0.02807881773399014,0.31166477194561126,2.0,0.0,0.0,1.6666666666666667,1.0,2.0
472,365.0,403.6666666666667,-0.02205916826855454,0.2867329135365549,2.0,0.0,0.0,2.0,2.0,1.0
576,593.0,1620.2380952380952,-0.02114427860696517,0.2166111735682234,6.0,422.85714285714283,0.0,3.0,2.142857142857143,1.0
421,352.0,392.7142857142857,0.01240140227870289,0.2837649516056229,3.0,0.0,0.0,2.261904761904762,2.0,1.0
73,784.0,89078.33333333333,-0.03491449562427665,0.25441225891174857,1.0,0.0,323.57142857142856,1.2857142857142858,1.0,0.0
159,917.0,82671.76190476191,-0.02984704843657484,0.24248445028834006,1.0,0.0,43.57142857142857,1.0,1.0,0.0
725,474.0,486.8095238095238,0.000915435511646877,0.09577080491410139,6.0,9.857142857142858,0.0,2.0,1.2857142857142858,2.0
911,850.0,9173.619047619048,0.006712320217683531,0.06032650740053061,4.0,0.0,122.04761904761905,1.0,1.0,2.0
340,944.0,27238.190476190477,-0.017970890111751212,0.23945215677170492,0.0,0.0,310.4761904761905,1.0,1.0,1.0
320,100.0,37.285714285714285,-0.010890863522442468,0.21336845113935754,3.0,0.0,0.0,1.0,1.0,1.0
566,512.0,1451.142857142857,-0.005347670438213698,0.18970046991294623,2.0,316.14285714285717,0.0,3.0,3.0,1.0
759,630.0,2955.6666666666665,0.017898734237642523,0.1323622725344885,1.0,440.0,0.047619047619047616,1.0,1.0,2.0
932,688.0,5101.761904761905,0.006883950044848622,0.05185351525560678,3.0,219.28571428571428,676.3333333333334,3.0,3.0,2.0
114,926.0,59565.666666666664,-0.025954647244807654,0.26924158190662045,3.0,0.0,35.76190476190476,1.0,1.0,0.0
57,778.0,130570.71428571429,-0.03430766830356593,0.24905337914766096,2.0,0.0,390.0,1.5714285714285714,1.0,0.0
351,650.0,5882.380952380952,0.03622223898043059,0.28774354760042525,0.0,602.0,10.047619047619047,1.1904761904761905,3.0,1.0
19,11.0,312.0,-0.042739754524651535,0.28822098498453264,5.0,0.0,0.0,2.0,2.9285714285714284,0.0
282,207.0,83.28571428571429,-0.024952097083244622,0.24820157835112175,5.0,0.0,0.0,2.0476190476190474,1.6428571428571428,0.0
163,933.0,43431.09523809524,-0.022001634300064236,0.23341859958787511,3.0,0.0,137.85714285714286,1.0,1.0,0.0
914,700.0,16377.142857142857,0.01515543846111123,0.09964291028434666,1.0,43.666666666666664,828.047619047619,3.0,3.0,2.0
616,397.0,492.6190476190476,0.029691103289234123,0.22756154893676675,6.0,0.0,0.0,2.0,2.0,1.0
660,601.0,1562.047619047619,0.016614169412676877,0.2149620676794322,0.0,400.3809523809524,0.0,3.0,1.0,2.0
103,758.0,329682.5714285714,-0.018379037254721373,0.18773410209636957,3.0,0.0,119.14285714285714,2.1904761904761907,1.7857142857142858,0.0
206,662.0,5994.952380952381,-0.024024818826162964,0.23042102823120628,5.0,676.0952380952381,39.04761904761905,2.3333333333333335,3.0,0.0
262,899.0,120555.0,0.0048950678533927336,0.24272957848047863,4.0,0.0,23.857142857142858,1.0,1.0,0.0
574,516.0,1488.6190476190477,0.00913663800987745,0.21369935082425634,6.0,349.9047619047619,0.0,3.0,3.0,1.0
586,288.0,772.3809523809524,0.03839521474376246,0.2820601885224144,2.0,0.0,0.0,2.357142857142857,2.5,1.0
543,506.0,1393.0,0.014404651777454733,0.18461914413200275,3.0,253.85714285714286,0.0,2.619047619047619,3.0,1.0
610,952.0,23551.238095238095,-0.019506874817755645,0.2377587706579842,1.0,0.0,350.57142857142856,1.0,1.0,1.0
816,66.0,7.9523809523809526,0.01781894576012223,0.15441009736328024,4.0,0.0,0.0,1.5714285714285714,1.0,2.0
86,813.0,23254.285714285714,-0.030039016082396782,0.23891274702892287,2.0,0.0,538.952380952381,1.0,1.0,0.0
655,604.0,1642.7142857142858,0.015847081121600125,0.19036866585209788,3.0,387.3333333333333,0.0,2.7142857142857144,1.0,2.0
880,713.0,53850.57142857143,0.018154089384422773,0.11865416068090526,0.0,2.142857142857143,465.76190476190476,3.0,3.0,2.0
240,128.0,28.095238095238095,-0.018932178932178936,0.22552049666283103,3.0,0.0,0.0,1.0,1.0,0.0
310,327.0,441.3809523809524,-0.016684151503093006,0.22617539844283593,6.0,0.0,0.0,2.5,2.5,0.0
395,448.0,575.9047619047619,-0.017340653926019772,0.22827358705638842,1.0,1.4761904761904763,0.0,2.0,2.0,1.0
404,292.0,875.4285714285714,0.04061122363874657,0.3075841417289519,6.0,0.0,0.0,2.4523809523809526,2.5,1.0
249,666.0,5469.238095238095,-0.043103072061364205,0.30192422289033477,2.0,652.7619047619048,64.9047619047619,2.7142857142857144,3.0,0.0
896,848.0,8211.333333333334,0.003093080469228832,0.043381408807106434,2.0,0.0,140.8095238095238,1.0,1.0,2.0
297,212.0,74.38095238095238,-0.01849052586757504,0.24293948379667962,3.0,0.0,0.0,2.0,1.2857142857142858,0.0
544,507.0,1412.2380952380952,0.015070221175679084,0.1870729327272127,4.0,265.2857142857143,0.0,2.7142857142857144,3.0,1.0
140,930.0,49771.90476190476,-0.025757002012657605,0.26740609097931545,0.0,0.0,79.9047619047619,1.0,1.0,0.0
754,489.0,755.7619047619048,0.03043093270365997,0.21612939483454555,0.0,90.80952380952381,0.0,1.4761904761904763,3.0,2.0
525,342.0,373.9047619047619,-0.012082702573500114,0.22317063991363928,0.0,0.0,0.0,2.5,2.0,1.0
809,484.0,571.8095238095239,0.012238362118266035,0.10446675029693685,2.0,53.23809523809524,0.0,1.7142857142857142,2.2857142857142856,2.0
844,722.0,104225.38095238095,0.01957645690166703,0.13437249936972334,2.0,0.19047619047619047,189.0,3.0,3.0,2.0
47,19.0,112.04761904761905,-0.025848938596813947,0.22712494612151335,6.0,0.0,0.0,2.3333333333333335,3.0,0.0
413,108.0,33.904761904761905,-0.02217068645640074,0.257308672497541,4.0,0.0,0.0,1.0,1.0,1.0
2,40.0,27.047619047619047,-0.030002951593860683,0.23139656932282357,6.0,0.0,0.0,3.0,2.0714285714285716,0.0
69,762.0,283787.09523809527,-0.020637213160881435,0.2072253078936196,0.0,0.0,141.61904761904762,2.0,1.5,0.0
637,388.0,432.42857142857144,0.005537282560781255,0.13221796881351794,4.0,0.0,0.0,2.0,2.0,2.0
907,163.0,71.04761904761905,0.02849007141350528,0.21657845442441728,3.0,0.0,0.0,1.1904761904761905,2.142857142857143,2.0
870,715.0,61454.23809523809,0.018345443214489478,0.11997214667148187,2.0,1.3333333333333333,416.57142857142856,3.0,3.0,2.0
41,0.0,349.42857142857144,0.02817909763885508,0.2684482472367827,1.0,0.0,0.0,1.4761904761904763,2.142857142857143,0.0
372,113.0,31.61904761904762,-0.017012987012987008,0.2524227840444715,2.0,0.0,0.0,1.0,1.0,1.0
780,841.0,7749.238095238095,-0.005695204922398242,0.07534134341895211,2.0,0.0,248.0,1.0,1.0,2.0
593,382.0,417.3333333333333,0.0008102684487524076,0.12369672941836014,5.0,0.0,0.0,2.0,2.0,1.0
180,910.0,103843.61904761905,-0.025082890166699442,0.24090842606340743,1.0,0.0,50.142857142857146,1.0,1.0,0.0
511,171.0,188.47619047619048,0.048131398013750944,0.3224127201313373,4.0,0.0,0.0,1.5714285714285714,2.4285714285714284,1.0
719,82.0,22.523809523809526,0.014347557204700061,0.24675362849936497,6.0,0.0,0.0,1.0,1.0,2.0
154,797.0,42215.333333333336,-0.02052625458680035,0.22484197969739536,0.0,0.0,382.8095238095238,1.0,1.0,0.0
584,950.0,23891.571428571428,-0.01045390993577522,0.23159418902358636,6.0,0.0,355.2857142857143,1.0,1.0,1.0
546,592.0,1655.142857142857,-0.024804548685145696,0.23030046066247087,5.0,428.85714285714283,0.0,3.0,2.2857142857142856,1.0
776,871.0,51266.857142857145,0.02644895378621652,0.19384755378588553,4.0,0.0,89.57142857142857,1.0,1.0,2.0
354,833.0,9163.095238095239,-0.029876890516034458,0.2642508048726219,1.0,0.0,342.0952380952381,1.0,1.0,1.0
210,659.0,6292.0,-0.022052507682078743,0.22362852964653773,2.0,685.2857142857143,28.80952380952381,2.0476190476190474,3.0,0.0
644,390.0,437.76190476190476,0.014536638296429413,0.1494487977641063,6.0,0.0,0.0,2.0,2.0,2.0
665,600.0,1538.6190476190477,0.01227789623312011,0.20333191252363467,6.0,402.3333333333333,0.0,3.0,1.1428571428571428,2.0
929,697.0,11695.238095238095,0.010381620377003787,0.06697537557455067,5.0,69.47619047619048,804.6666666666666,3.0,3.0,2.0
222,127.0,29.0,-0.014054834054834058,0.20810728477232282,2.0,0.0,0.0,1.0,1.0,0.0
328,328.0,427.0952380952381,-0.017429213895644984,0.2603856806175406,0.0,0.0,0.0,2.5,2.5,1.0
943,160.0,38.76190476190476,0.015418688040497782,0.14523121145546877,0.0,0.0,0.0,1.0476190476190477,2.0357142857142856,2.0
286,576.0,2133.8571428571427,0.004958570840923782,0.20579080485183696,3.0,460.85714285714283,0.0,3.0,3.0,0.0
137,755.0,348392.71428571426,-0.012778435468980364,0.18085056668301774,0.0,0.0,113.0952380952381,2.3333333333333335,2.0,0.0
183,198.0,119.23809523809524,-0.030224321133412037,0.2323505850012664,3.0,0.0,0.0,2.261904761904762,2.0,0.0
748,733.0,206945.04761904763,0.021775487698620352,0.152612866483482,6.0,0.047619047619047616,136.38095238095238,3.0,2.5714285714285716,2.0
635,222.0,60.333333333333336,0.0027103331451157524,0.1639847227273465,6.0,0.0,0.0,1.7142857142857142,1.0,2.0
611,286.0,730.5714285714286,0.04254746501937512,0.2834825199580302,0.0,0.0,0.0,2.3095238095238093,2.5,1.0
38,1.0,355.57142857142856,0.019886272741815852,0.26403645758680827,2.0,0.0,0.0,1.5238095238095237,2.2142857142857144,0.0
204,904.0,116144.19047619047,-0.014872107579181736,0.2390721879238039,2.0,0.0,24.38095238095238,1.0,1.0,0.0
946,159.0,26.61904761904762,0.008660017476722811,0.08018742811307852,6.0,0.0,0.0,1.0,2.0,2.0
197,121.0,31.904761904761905,0.0002210555402044774,0.22445596033652415,3.0,0.0,0.0,1.0,1.0,0.0
416,536.0,1745.2380952380952,0.002734856384491425,0.3031260362897079,5.0,411.3333333333333,0.0,3.0,3.0,1.0
948,154.0,17.047619047619047,-0.0008341527923773353,0.026349760149945126,1.0,0.0,0.0,1.0,1.6428571428571428,2.0
654,223.0,60.23809523809524,0.0054884246188594,0.1634436772370515,0.0,0.0,0.0,1.6666666666666667,1.0,2.0
366,589.0,1818.8095238095239,-0.035652730830813016,0.2714626738759239,2.0,441.6666666666667,0.0,3.0,2.7142857142857144,1.0
854,71.0,9.666666666666666,0.012929717341482044,0.1550291113786563,2.0,0.0,0.0,1.3333333333333333,1.0,2.0
625,221.0,59.714285714285715,0.003783173348390739,0.16533503493820606,5.0,0.0,0.0,1.7619047619047619,1.0,1.0
56,767.0,235339.7142857143,-0.02567064253964082,0.2175041289164273,5.0,0.0,224.71428571428572,2.0,1.1428571428571428,0.0
147,794.0,48581.619047619046,-0.027407569705899498,0.258015059206808,4.0,0.0,362.7142857142857,1.0,1.0,0.0
851,76.0,13.142857142857142,0.007849503437738735,0.1462688868032548,0.0,0.0,0.0,1.0952380952380953,1.0,2.0
125,919.0,76105.23809523809,-0.02332671031100339,0.26028671049708757,3.0,0.0,37.95238095238095,1.0,1.0,0.0
770,276.0,472.6190476190476,0.020677361853832434,0.14692522331583183,4.0,0.0,0.0,1.9761904761904763,2.5,2.0
549,505.0,1361.7619047619048,0.016325308420170076,0.23634502020548318,2.0,242.71428571428572,0.0,2.5238095238095237,3.0,1.0
145,913.0,95054.0,-0.02148281035289756,0.23056041525811427,4.0,0.0,46.095238095238095,1.0,1.0,0.0
446,93.0,32.04761904761905,0.023622928795342585,0.27296300978510807,3.0,0.0,0.0,1.0,1.0,1.0
9,37.0,35.42857142857143,-0.03566321319130307,0.2697933071621011,3.0,0.0,0.0,3.0,2.2857142857142856,0.0
275,320.0,546.047619047619,-0.03428867851121773,0.2495877159045352,6.0,0.0,0.0,2.5,2.5,0.0
478,363.0,403.14285714285717,-0.01707065497679216,0.2890483791140306,0.0,0.0,0.0,2.0,2.0,1.0
585,501.0,1229.0,0.0351520296342028,0.27119378068784966,5.0,211.23809523809524,0.0,2.142857142857143,3.0,1.0
548,520.0,1544.095238095238,0.011979670229167213,0.235649656258501,3.0,369.85714285714283,0.0,3.0,3.0,1.0
559,949.0,24189.571428571428,-0.0119175844305378,0.23367206740152255,5.0,0.0,362.7142857142857,1.0,1.0,1.0
640,389.0,435.5238095238095,0.01020311281407887,0.14277620692612406,5.0,0.0,0.0,2.0,2.0,2.0
582,220.0,62.285714285714285,0.0021230942970073383,0.1737639112140368,4.0,0.0,0.0,1.8095238095238095,1.0,1.0
573,502.0,1268.2380952380952,0.03310034617335126,0.26131190329021625,6.0,219.66666666666666,0.0,2.238095238095238,3.0,1.0
688,882.0,83202.57142857143,0.01153654772624711,0.16244907191023503,1.0,0.0,29.714285714285715,1.0,1.0,2.0
814,244.0,85.85714285714286,0.0053125,0.08419706767671392,0.0,0.0,0.0,1.0,1.1428571428571428,2.0
669,236.0,74.76190476190476,0.01687272727272727,0.20674861662461122,6.0,0.0,0.0,1.0476190476190477,1.0,2.0
269,206.0,88.42857142857143,-0.02623753058535667,0.24522933370818648,4.0,0.0,0.0,2.0714285714285716,1.7142857142857142,0.0
794,869.0,44115.142857142855,0.023441032382451422,0.17758053021751066,2.0,0.0,92.42857142857143,1.0,1.0,2.0
606,499.0,1151.4285714285713,0.03724119683372654,0.2807964853817108,3.0,194.0,0.0,1.9523809523809523,3.0,1.0
325,209.0,77.66666666666667,-0.025537577176921435,0.249419284331063,0.0,0.0,0.0,2.0,1.5,1.0
398,437.0,583.7142857142857,0.00785346728742955,0.25020489775357685,4.0,1.2857142857142858,0.0,2.0,2.0,1.0
612,595.0,1565.7142857142858,-0.021961620469083152,0.21676308312862613,1.0,413.95238095238096,0.0,3.0,1.8571428571428572,1.0
785,272.0,401.2857142857143,0.02132145442725647,0.14794833340135857,0.0,0.0,0.0,1.7380952380952381,2.4642857142857144,2.0
